gene	aapos	aaref	aaalt	raw_score
LDLR	1	M	T	-0.547269928571429
LDLR	1	M	V	-0.547269928571429
LDLR	4	W	R	-0.098464125
LDLR	6	W	R	0.18206
LDLR	8	L	L	-0.106043714285714
LDLR	8	L	S	-0.106043714285714
LDLR	10	W	R	-0.530494
LDLR	12	V	A	-0.07814225
LDLR	14	L	S	-0.7805192
LDLR	15	L	P	-1.26794333333333
LDLR	16	L	P	-0.663433
LDLR	21	T	T	0.0439032777777778
LDLR	21	T	A	0.0439032777777778
LDLR	23	V	A	-0.088157375
LDLR	27	C	R	-0.528717444444444
LDLR	32	F	L	-0.1559052
LDLR	32	F	S	-0.1559052
LDLR	34	C	R	-0.0938790909090909
LDLR	39	C	R	-0.16827125
LDLR	40	I	T	-0.379090666666667
LDLR	40	I	V	-0.379090666666667
LDLR	42	Y	H	-0.033466575
LDLR	42	Y	C	-0.033466575
LDLR	44	W	R	-0.3229075
LDLR	45	V	A	-0.3837225
LDLR	46	C	R	-1.27106666666667
LDLR	47	D	D	-0.0728316363636364
LDLR	47	D	G	-0.0728316363636364
LDLR	50	A	A	-0.222625666666667
LDLR	52	C	R	-0.0118733333333333
LDLR	54	D	D	-0.116874315384615
LDLR	54	D	G	-0.116874315384615
LDLR	56	S	P	-0.16783862
LDLR	56	S	S	-0.16783862
LDLR	57	D	D	-0.31542
LDLR	57	D	G	-0.31542
LDLR	59	S	P	-0.140265142857143
LDLR	63	C	R	-0.142923
LDLR	64	L	L	-0.25264
LDLR	64	L	S	-0.25264
LDLR	65	S	S	-0.154616666666667
LDLR	66	V	A	-1.06821666666667
LDLR	68	C	R	-0.569776
LDLR	70	S	P	-0.0746187777777778
LDLR	73	F	L	-0.0525468333333333
LDLR	73	F	S	-0.0525468333333333
LDLR	75	C	R	-0.25848837
LDLR	75	C	C	-0.25848837
LDLR	78	R	R	0.117288
LDLR	79	V	A	0.0334963333333333
LDLR	82	C	R	-0.3048902
LDLR	83	I	I	-0.1322904875
LDLR	83	I	V	-0.1322904875
LDLR	84	P	P	-0.373545
LDLR	86	F	L	-0.233735
LDLR	86	F	S	-0.233735
LDLR	87	W	R	-0.55648675
LDLR	89	C	R	-0.810096666666667
LDLR	90	D	D	-0.0618704469230769
LDLR	90	D	G	-0.0618704469230769
LDLR	93	V	A	-0.0816366666666667
LDLR	95	C	R	-0.439923727272727
LDLR	99	S	P	-0.0203842857142857
LDLR	99	S	S	-0.0203842857142857
LDLR	104	C	R	-0.183158333333333
LDLR	104	C	C	-0.183158333333333
LDLR	109	C	R	-0.637862857142857
LDLR	110	S	P	-0.409964285714286
LDLR	114	F	L	-0.3436677
LDLR	114	F	F	-0.3436677
LDLR	116	C	R	-0.917080833333333
LDLR	118	D	D	-0.0148511666666667
LDLR	118	D	G	-0.0148511666666667
LDLR	121	C	R	-0.750114
LDLR	122	I	T	-0.201775909090909
LDLR	122	I	V	-0.201775909090909
LDLR	123	S	P	-0.14653565
LDLR	123	S	S	-0.14653565
LDLR	126	F	L	-0.659265
LDLR	127	V	A	-0.246199666666667
LDLR	128	C	R	-1.324605
LDLR	128	C	C	-1.324605
LDLR	130	S	P	-0.180533846153846
LDLR	130	S	S	-0.180533846153846
LDLR	134	C	R	-0.774579333333333
LDLR	135	L	S	-0.40394
LDLR	135	L	L	-0.40394
LDLR	138	S	P	-0.148802261538462
LDLR	138	S	S	-0.148802261538462
LDLR	142	S	P	-0.033937
LDLR	143	C	R	-0.539895
LDLR	145	V	A	0.141082
LDLR	146	L	P	-0.153420666666667
LDLR	148	C	R	-1.066632
LDLR	148	C	C	-1.066632
LDLR	149	G	G	-0.202881542857143
LDLR	153	F	L	-0.4980038625
LDLR	153	F	S	-0.4980038625
LDLR	155	C	R	-0.493711666666667
LDLR	158	S	P	-0.879195833333333
LDLR	160	C	R	-0.5693686
LDLR	161	I	T	-0.310510636363636
LDLR	161	I	V	-0.310510636363636
LDLR	164	L	P	-0.719134166666667
LDLR	165	W	R	-0.4659996
LDLR	167	C	R	-0.759948
LDLR	173	C	R	-0.310559711111111
LDLR	175	D	D	-0.0564277454545455
LDLR	175	D	G	-0.0564277454545455
LDLR	177	S	P	-0.19511025
LDLR	178	D	D	-0.132001675
LDLR	178	D	G	-0.132001675
LDLR	180	W	R	-0.1360315
LDLR	184	C	R	-0.1049218
LDLR	184	C	C	-0.1049218
LDLR	186	G	G	0.0648548333333333
LDLR	188	Y	H	-0.0680841538461538
LDLR	188	Y	C	-0.0680841538461538
LDLR	189	V	A	0.00936457142857143
LDLR	190	F	S	-0.25266325
LDLR	194	S	S	0.0117169638181818
LDLR	194	S	G	0.0117169638181818
LDLR	197	C	R	0.0434138
LDLR	198	S	P	-0.22112275
LDLR	200	F	L	0.0193585
LDLR	200	F	S	0.0193585
LDLR	202	F	L	-0.575292333333333
LDLR	202	F	S	-0.575292333333333
LDLR	204	C	R	-0.443290666666667
LDLR	205	L	P	-0.0563582
LDLR	205	L	L	-0.0563582
LDLR	206	S	S	-0.149770511428571
LDLR	206	S	G	-0.149770511428571
LDLR	209	C	R	-0.994545
LDLR	210	I	T	-0.389888363636364
LDLR	210	I	V	-0.389888363636364
LDLR	212	S	P	-0.0832688
LDLR	214	W	R	-0.456854285714286
LDLR	216	C	R	-0.611097716666667
LDLR	216	C	C	-0.611097716666667
LDLR	217	D	D	-0.0399465
LDLR	217	D	G	-0.0399465
LDLR	218	G	G	0.0211976666666667
LDLR	222	C	R	-0.614644444444444
LDLR	226	S	P	-0.0441343076923077
LDLR	226	S	S	-0.0441343076923077
LDLR	232	A	A	-0.3440675
LDLR	233	V	A	-0.0431654
LDLR	236	C	R	-0.222033433333333
LDLR	236	C	C	-0.222033433333333
LDLR	238	P	P	-0.0374552857142857
LDLR	241	F	L	-0.189907
LDLR	241	F	S	-0.189907
LDLR	243	C	R	-0.754465714285714
LDLR	244	S	S	0.33761
LDLR	245	D	D	-0.09752345
LDLR	245	D	G	-0.09752345
LDLR	248	C	R	-0.467645
LDLR	249	I	T	-0.300599636363636
LDLR	249	I	V	-0.300599636363636
LDLR	250	H	H	0.144208384615385
LDLR	250	H	R	0.144208384615385
LDLR	255	C	R	-0.330307083333333
LDLR	255	C	C	-0.330307083333333
LDLR	259	Y	H	-0.429143421052632
LDLR	259	Y	C	-0.429143421052632
LDLR	261	C	R	-0.643440714285714
LDLR	264	M	T	-0.243916923076923
LDLR	264	M	V	-0.243916923076923
LDLR	266	D	D	0.05196975
LDLR	266	D	G	0.05196975
LDLR	268	V	A	-0.0621286
LDLR	270	C	R	-0.328703333333333
LDLR	271	V	V	-0.0626623333333333
LDLR	272	N	N	0.0234913571428571
LDLR	272	N	D	0.0234913571428571
LDLR	272	N	S	0.0234913571428571
LDLR	273	V	A	-0.185975066666667
LDLR	275	L	P	-0.0998666666666667
LDLR	276	C	R	-0.5998212
LDLR	282	F	L	0.00743571428571429
LDLR	282	F	S	0.00743571428571429
LDLR	284	C	R	-0.271233214285714
LDLR	284	C	C	-0.271233214285714
LDLR	289	C	R	-0.374104285714286
LDLR	290	I	T	-0.3876665
LDLR	290	I	V	-0.3876665
LDLR	292	L	P	0.0338628333333333
LDLR	295	V	A	-0.493896666666667
LDLR	296	C	R	-0.4470338
LDLR	298	M	T	-0.0720244
LDLR	298	M	V	-0.0720244
LDLR	299	A	A	-0.259653333333333
LDLR	302	C	R	0.0147774285714286
LDLR	305	W	R	-0.535762
LDLR	306	S	P	-0.240414133333333
LDLR	306	S	S	-0.240414133333333
LDLR	307	D	D	-0.4705978
LDLR	307	D	G	-0.4705978
LDLR	310	I	T	-0.220236
LDLR	310	I	V	-0.220236
LDLR	313	C	R	-0.1057782875
LDLR	318	C	R	-0.436894
LDLR	319	L	S	-0.073463625
LDLR	319	L	L	-0.073463625
LDLR	325	C	C	-0.2465494
LDLR	325	C	R	-0.2465494
LDLR	328	V	A	-0.2089892
LDLR	329	C	R	0.063239
LDLR	330	N	N	-0.288958846153846
LDLR	330	N	D	-0.288958846153846
LDLR	330	N	S	-0.288958846153846
LDLR	332	L	L	-0.21440125
LDLR	334	I	T	-0.399759
LDLR	334	I	V	-0.399759
LDLR	336	Y	H	-0.230145558333333
LDLR	336	Y	C	-0.230145558333333
LDLR	338	C	R	-0.22816808
LDLR	339	L	P	0.19376
LDLR	340	C	R	-0.491358142857143
LDLR	344	F	L	-0.3453305875
LDLR	344	F	S	-0.3453305875
LDLR	346	L	P	-0.187495333333333
LDLR	347	V	A	0.0222626
LDLR	352	C	R	-0.046353625
LDLR	354	D	D	-0.66946
LDLR	356	D	D	-0.4173726
LDLR	356	D	G	-0.4173726
LDLR	358	C	R	-0.54675925
LDLR	360	D	D	-0.01483275
LDLR	360	D	G	-0.01483275
LDLR	364	C	R	-0.729619
LDLR	367	L	P	-0.2199105
LDLR	368	C	R	-0.3148546
LDLR	369	V	A	-0.22628325
LDLR	371	L	P	-0.36048715
LDLR	373	G	G	-0.3131085
LDLR	375	Y	H	-0.302739642857143
LDLR	375	Y	C	-0.302739642857143
LDLR	377	C	R	-0.1302332
LDLR	379	C	R	-0.127220538461538
LDLR	379	C	C	-0.127220538461538
LDLR	383	F	L	-0.1904208
LDLR	383	F	S	-0.1904208
LDLR	385	L	P	-0.13499054
LDLR	392	C	R	-0.211357785
LDLR	394	A	A	0.02446425
LDLR	395	V	A	-0.360823
LDLR	397	S	P	0.17765122
LDLR	398	I	T	0.00938945454545454
LDLR	398	I	V	0.00938945454545454
LDLR	400	Y	H	-0.079902
LDLR	400	Y	C	-0.079902
LDLR	401	L	P	-0.36862
LDLR	402	F	S	-1.1242
LDLR	403	F	L	-0.097290125
LDLR	403	F	S	-0.097290125
LDLR	409	V	A	-0.243345833333333
LDLR	412	M	T	-0.106188272727273
LDLR	412	M	V	-0.106188272727273
LDLR	414	L	P	-0.1854762
LDLR	419	Y	H	-0.0513104444444444
LDLR	419	Y	C	-0.0513104444444444
LDLR	422	L	P	-0.1699112
LDLR	423	I	T	-0.0612649166666667
LDLR	423	I	V	-0.0612649166666667
LDLR	426	L	P	-0.358752888888889
LDLR	429	V	A	-0.071727
LDLR	430	V	A	-0.0550428
LDLR	431	A	A	-0.54244
LDLR	432	L	P	-0.1424492
LDLR	436	V	A	-0.2927870875
LDLR	439	N	N	-0.0399588888888889
LDLR	439	N	D	-0.0399588888888889
LDLR	441	I	T	-0.0803566666666667
LDLR	442	Y	H	-0.381968984615385
LDLR	442	Y	C	-0.381968984615385
LDLR	443	W	R	-0.463485
LDLR	444	S	P	-0.396246666666667
LDLR	444	S	S	-0.396246666666667
LDLR	446	L	P	-0.00731999999999999
LDLR	447	S	P	-0.423345
LDLR	450	M	T	-0.146916666666667
LDLR	450	M	V	-0.146916666666667
LDLR	451	I	T	-0.1228186
LDLR	451	I	V	-0.1228186
LDLR	452	C	R	-0.22256525
LDLR	456	L	P	-0.147424333333333
LDLR	456	L	L	-0.147424333333333
LDLR	462	V	A	-0.0265785714285714
LDLR	463	S	P	5.05000000000019e-05
LDLR	464	S	P	0.226235
LDLR	465	Y	H	-0.0080525
LDLR	465	Y	Y	-0.0080525
LDLR	465	Y	C	-0.0080525
LDLR	468	V	A	-0.8036975
LDLR	469	I	T	-0.181753394736842
LDLR	469	I	V	-0.181753394736842
LDLR	473	I	T	-0.0664255103448276
LDLR	473	I	V	-0.0664255103448276
LDLR	479	L	P	0.148976666666667
LDLR	480	A	A	-0.253572333333333
LDLR	481	V	A	-0.460043333333333
LDLR	483	W	R	-0.13027
LDLR	484	I	T	-0.19487875
LDLR	484	I	V	-0.19487875
LDLR	488	I	T	-0.324071444444444
LDLR	488	I	V	-0.324071444444444
LDLR	489	Y	H	-0.158564777777778
LDLR	489	Y	C	-0.158564777777778
LDLR	490	W	R	-0.749322
LDLR	493	S	P	0.166715666666667
LDLR	493	S	S	0.166715666666667
LDLR	494	V	A	-0.170497
LDLR	495	L	P	-0.04815525
LDLR	497	T	T	-0.0509300470588235
LDLR	497	T	A	-0.0509300470588235
LDLR	498	V	A	-0.6595
LDLR	499	S	P	-0.04617525
LDLR	499	S	S	-0.04617525
LDLR	500	V	V	0.030135
LDLR	502	D	D	-0.0846599285714286
LDLR	502	D	G	-0.0846599285714286
LDLR	506	V	A	-0.0641751
LDLR	512	F	S	-0.114502775
LDLR	512	F	L	-0.114502775
LDLR	517	S	P	-0.292793222222222
LDLR	522	I	T	-0.0384611615384615
LDLR	522	I	V	-0.0384611615384615
LDLR	523	V	A	-0.00891500000000001
LDLR	524	V	A	0.050735
LDLR	525	D	D	-0.1250101
LDLR	525	D	G	-0.1250101
LDLR	526	P	P	-0.228467333333333
LDLR	527	V	A	0.141729
LDLR	528	H	H	-0.1767992
LDLR	528	H	R	-0.1767992
LDLR	530	F	L	-0.3535982
LDLR	530	F	S	-0.3535982
LDLR	531	M	T	-0.33397686
LDLR	531	M	V	-0.33397686
LDLR	532	Y	H	-0.9616925
LDLR	532	Y	C	-0.9616925
LDLR	533	W	R	-0.510595
LDLR	534	T	T	-0.437398777777778
LDLR	534	T	A	-0.437398777777778
LDLR	536	W	R	-0.4455025
LDLR	538	T	T	0.040056625
LDLR	538	T	A	0.040056625
LDLR	547	L	P	-0.138553428571429
LDLR	548	N	N	-0.0168158181818182
LDLR	548	N	D	-0.0168158181818182
LDLR	548	N	S	-0.0168158181818182
LDLR	549	G	G	-0.103654966666667
LDLR	550	V	A	-0.085314
LDLR	552	I	T	0.17549
LDLR	553	Y	H	0.0187138
LDLR	553	Y	C	0.0187138
LDLR	554	S	P	0.01510275
LDLR	555	L	P	-1.76146666666667
LDLR	556	V	A	-0.68261725
LDLR	557	T	T	-0.15870925
LDLR	557	T	A	-0.15870925
LDLR	562	W	R	-0.077402
LDLR	564	N	N	-0.14008075
LDLR	564	N	D	-0.14008075
LDLR	564	N	S	-0.14008075
LDLR	566	I	T	-0.208352181818182
LDLR	566	I	V	-0.208352181818182
LDLR	568	L	P	-0.547615375
LDLR	568	L	L	-0.547615375
LDLR	569	D	D	-0.529023714285714
LDLR	569	D	G	-0.529023714285714
LDLR	570	L	P	-0.513595
LDLR	571	L	P	-0.313094
LDLR	572	S	S	-0.180222573333333
LDLR	572	S	G	-0.180222573333333
LDLR	575	L	P	-0.195393333333333
LDLR	576	Y	H	-0.279559986666667
LDLR	576	Y	C	-0.279559986666667
LDLR	577	W	R	-0.155179
LDLR	578	V	V	-0.32751
LDLR	580	S	P	-0.600714285714286
LDLR	582	L	P	0.0375414
LDLR	582	L	L	0.0375414
LDLR	584	S	P	-0.694148
LDLR	585	I	T	-0.214115454545455
LDLR	585	I	V	-0.214115454545455
LDLR	586	S	P	0.043855
LDLR	586	S	S	0.043855
LDLR	588	I	T	0.0109219166666667
LDLR	588	I	V	0.0109219166666667
LDLR	589	D	D	0.151855
LDLR	589	D	G	0.151855
LDLR	590	V	A	0.06939975
LDLR	593	G	D	0.11682
LDLR	598	I	T	-0.209842636363636
LDLR	598	I	V	-0.209842636363636
LDLR	599	L	L	-0.347926
LDLR	599	L	S	-0.347926
LDLR	601	D	D	-0.0467474375
LDLR	601	D	G	-0.0467474375
LDLR	609	F	L	0.10493
LDLR	610	S	P	-0.025855575
LDLR	611	L	L	-0.40494575
LDLR	611	L	S	-0.40494575
LDLR	613	V	A	-0.400604
LDLR	614	F	L	-0.5907858
LDLR	614	F	F	-0.5907858
LDLR	618	V	A	-1.17683666666667
LDLR	622	D	D	0.39242
LDLR	624	I	T	-0.050675
LDLR	628	I	T	-0.06206
LDLR	629	F	S	-0.459615
LDLR	630	S	S	0.0273877777777778
LDLR	630	S	G	0.0273877777777778
LDLR	634	L	P	-0.0962060545454545
LDLR	636	G	G	-0.5752575
LDLR	637	S	P	-0.380215
LDLR	638	D	D	-0.06530774
LDLR	638	D	G	-0.06530774
LDLR	639	V	A	-0.170984
LDLR	641	L	L	-0.1226185
LDLR	641	L	S	-0.1226185
LDLR	642	L	L	-0.8203375
LDLR	642	L	S	-0.8203375
LDLR	643	A	A	0.12474
LDLR	648	S	P	0.011211
LDLR	651	D	D	-0.590560727272727
LDLR	653	V	A	-0.728671666666667
LDLR	654	L	P	-0.289974666666667
LDLR	655	F	S	-0.431531391666667
LDLR	658	L	P	-0.191982916666667
LDLR	664	V	A	-0.0930087142857143
LDLR	666	W	R	-0.1186051
LDLR	667	C	R	-0.39868575
LDLR	667	C	C	-0.39868575
LDLR	672	L	P	-0.147224
LDLR	674	N	N	-0.0120235833333333
LDLR	674	N	D	-0.0120235833333333
LDLR	674	N	S	-0.0120235833333333
LDLR	677	C	R	-0.687405
LDLR	679	Y	H	-0.0384144210526316
LDLR	679	Y	C	-0.0384144210526316
LDLR	681	C	R	-0.037108
LDLR	682	L	P	-0.568993333333333
LDLR	683	P	P	-0.0515222857142857
LDLR	687	I	T	-0.0373017777777778
LDLR	687	I	V	-0.0373017777777778
LDLR	691	S	P	-0.0118776666666667
LDLR	694	F	L	-0.285457333333333
LDLR	694	F	F	-0.285457333333333
LDLR	696	C	R	-0.745726
LDLR	698	C	R	-0.305793555555556
LDLR	702	M	T	0.00349330769230769
LDLR	702	M	V	0.00349330769230769
LDLR	703	L	P	-0.533847333333333
LDLR	704	L	P	-0.07635875
LDLR	708	M	T	-0.0300604416666667
LDLR	708	M	V	-0.0300604416666667
LDLR	711	C	R	-0.959178
LDLR	712	L	P	-0.08501475
LDLR	715	A	A	-0.188830833333333
LDLR	717	A	A	-0.0201
LDLR	719	V	A	0.0853445714285714
LDLR	725	S	P	0.050854
LDLR	727	V	A	0.00856149999999999
LDLR	729	L	P	0.0581097307692308
LDLR	729	L	L	0.0581097307692308
LDLR	731	V	A	0.1862698
LDLR	733	S	P	0.18401
LDLR	736	V	A	0.00320178095238096
LDLR	736	V	V	0.00320178095238096
LDLR	739	Q	Q	-0.178243833333333
LDLR	739	Q	R	-0.178243833333333
LDLR	745	P	P	-0.0151740875
LDLR	746	V	A	0.108541333333333
LDLR	750	S	P	0.00779826666666667
LDLR	752	L	P	-0.0010865
LDLR	753	P	P	0.0494758322222222
LDLR	757	P	P	-0.0506444
LDLR	759	L	P	-0.031932
LDLR	762	V	A	-0.0740502857142857
LDLR	764	I	T	0.0177043
LDLR	764	I	M	0.0177043
LDLR	765	V	A	0.0166966666666667
LDLR	767	M	T	-0.00545100000000001
LDLR	767	M	V	-0.00545100000000001
LDLR	768	S	P	0.121975
LDLR	768	S	S	0.121975
LDLR	771	A	A	-0.1599325
LDLR	772	L	P	-0.00431966666666667
LDLR	775	V	A	-0.144344
LDLR	775	V	V	-0.144344
LDLR	776	A	A	-0.00118016666666667
LDLR	780	N	N	-0.0636073
LDLR	780	N	S	-0.0636073
LDLR	785	S	S	0.0201609230769231
LDLR	785	S	G	0.0201609230769231
LDLR	787	V	A	-0.00787866666666667
LDLR	789	A	A	0.0346833333333333
LDLR	790	L	P	0.03355675
LDLR	791	S	P	0.0862815
LDLR	792	I	T	-0.0740496
LDLR	792	I	V	-0.0740496
LDLR	793	V	A	-0.2009135
LDLR	794	L	P	-0.12854425
LDLR	796	I	T	-0.0238517285714286
LDLR	796	I	V	-0.0238517285714286
LDLR	797	V	A	-0.388771666666667
LDLR	798	L	P	-1.126
LDLR	799	L	P	-0.11749
LDLR	800	V	A	-0.2530805
LDLR	801	F	S	0.1127845
LDLR	802	L	P	-0.788846666666667
LDLR	803	C	R	-1.90905
LDLR	804	L	P	-0.702574
LDLR	806	V	A	-0.096349
LDLR	806	V	V	-0.096349
LDLR	807	F	S	-0.24371
LDLR	808	L	P	-0.178825
LDLR	808	L	L	-0.178825
LDLR	809	L	P	-0.0531448947368421
LDLR	809	L	L	-0.0531448947368421
LDLR	810	W	R	0.18721
LDLR	813	W	R	0.0788466666666667
LDLR	815	L	L	0.0513132857142857
LDLR	818	I	T	-0.273521744444444
LDLR	818	I	V	-0.273521744444444
LDLR	821	I	T	0.165041757142857
LDLR	821	I	V	0.165041757142857
LDLR	823	F	L	0.069775
LDLR	823	F	F	0.069775
LDLR	827	V	A	-0.0633006666666667
LDLR	828	Y	H	-0.35237495
LDLR	828	Y	Y	-0.35237495
LDLR	828	Y	C	-0.35237495
LDLR	834	D	D	-0.1324184
LDLR	834	D	G	-0.1324184
LDLR	836	V	A	-0.09476216
LDLR	838	I	T	-0.249248777777778
LDLR	838	I	V	-0.249248777777778
LDLR	839	C	R	0.129761
LDLR	845	Y	H	0.0083744
LDLR	845	Y	C	0.0083744
LDLR	847	Y	H	0.0493292666666667
LDLR	847	Y	C	0.0493292666666667
LDLR	849	S	P	-0.319291
LDLR	852	M	T	-0.066006
LDLR	852	M	V	-0.066006
LDLR	853	V	A	-0.0563033333333333
LDLR	854	S	S	0.00561577
LDLR	854	S	G	0.00561577
LDLR	855	L	P	-0.100374
LDLR	857	D	D	0.0245995
LDLR	857	D	G	0.0245995
LDLR	859	V	A	-0.015216
LDLR	861	*	R	0.0380235
LDLR	861	*	W	0.0380235
LDLR	7	K	E	0.0960055555555556
LDLR	7	K	K	0.0960055555555556
LDLR	11	T	A	0.052445325
LDLR	22	A	A	0.024259
LDLR	25	D	G	0.18518975
LDLR	26	R	G	-0.121960666666667
LDLR	26	R	R	-0.121960666666667
LDLR	28	E	G	-0.153584666666667
LDLR	28	E	E	-0.153584666666667
LDLR	29	R	G	-0.1976354
LDLR	29	R	R	-0.1976354
LDLR	30	N	S	0.2072835
LDLR	31	E	G	-0.31056
LDLR	33	Q	R	-0.0271933333333333
LDLR	35	Q	R	-0.19848725
LDLR	35	Q	Q	-0.19848725
LDLR	36	D	G	-0.0399652
LDLR	38	K	E	-0.155574
LDLR	38	K	K	-0.155574
LDLR	43	K	E	-0.0280552857142857
LDLR	43	K	R	-0.0280552857142857
LDLR	49	S	G	-0.0451256
LDLR	51	E	G	-0.0967114
LDLR	53	Q	R	-0.35291
LDLR	58	E	G	-0.2144374
LDLR	60	Q	R	-0.602035
LDLR	61	E	G	-0.023929
LDLR	62	T	A	0.040597
LDLR	67	T	A	-0.185081666666667
LDLR	69	K	E	0.031100375
LDLR	69	K	K	0.031100375
LDLR	72	D	G	0.057626
LDLR	74	S	G	0.168883875
LDLR	80	N	D	-0.074142
LDLR	80	N	S	-0.074142
LDLR	85	Q	R	0.0209381428571429
LDLR	88	R	G	-0.109071833333333
LDLR	92	Q	R	-0.1944516
LDLR	92	Q	Q	-0.1944516
LDLR	94	D	G	-0.29913372
LDLR	96	D	G	-0.16735675
LDLR	97	N	D	0.0480712
LDLR	97	N	S	0.0480712
LDLR	100	D	G	-0.465081333333333
LDLR	101	E	G	-0.392715
LDLR	102	Q	R	-0.292741571428571
LDLR	102	Q	Q	-0.292741571428571
LDLR	107	K	E	-0.247493
LDLR	107	K	R	-0.247493
LDLR	108	T	A	0.09685746
LDLR	111	Q	R	-0.0443275
LDLR	112	D	G	0.002608
LDLR	113	E	G	0.0508694
LDLR	117	H	R	-0.025005
LDLR	120	K	R	0.0412175
LDLR	125	Q	R	0.0275325125
LDLR	129	D	G	0.0677070666666667
LDLR	131	D	G	-0.329205
LDLR	133	D	G	-0.200120375
LDLR	136	D	G	-0.286939142857143
LDLR	139	D	G	-0.0704625
LDLR	140	E	G	-0.225767666666667
LDLR	147	T	A	-0.05092025
LDLR	152	S	G	-0.205004
LDLR	154	Q	R	-0.0361183625
LDLR	156	N	D	0.1188545
LDLR	157	S	G	-0.0809428
LDLR	159	T	A	-0.12018452
LDLR	163	Q	R	-0.0044144
LDLR	168	D	G	-0.1117071
LDLR	169	N	D	0.0987723333333333
LDLR	170	D	G	-0.247688333333333
LDLR	172	D	G	-0.151464783333333
LDLR	174	E	G	-0.21517475
LDLR	174	E	E	-0.21517475
LDLR	179	E	G	-0.299476
LDLR	182	Q	R	-0.0702615
LDLR	185	R	G	0.0444254545454545
LDLR	191	Q	R	-0.0731771666666667
LDLR	193	D	G	-0.00653476
LDLR	195	S	G	-0.062292625
LDLR	201	E	G	-0.129890666666667
LDLR	203	H	R	0.0202067142857143
LDLR	208	E	G	0.105647333333333
LDLR	211	H	R	-0.06979235
LDLR	213	S	G	0.130760714285714
LDLR	221	D	G	0.00334980000000001
LDLR	223	K	E	0.08224375
LDLR	224	D	G	-0.1738875
LDLR	225	K	E	-0.1642712
LDLR	225	K	K	-0.1642712
LDLR	227	D	G	-0.263242
LDLR	228	E	G	-0.06212
LDLR	229	E	G	-0.016041
LDLR	230	N	S	0.1340355
LDLR	235	T	A	-0.0497771142857143
LDLR	239	D	G	0.0225304285714286
LDLR	240	E	G	-0.04734658
LDLR	240	E	E	-0.04734658
LDLR	242	Q	R	-0.1114818
LDLR	246	G	G	0.43212
LDLR	247	N	S	0.27766725
LDLR	252	S	G	-0.0123695
LDLR	254	Q	R	0.0207848571428571
LDLR	256	D	G	-0.113786875
LDLR	260	D	G	-0.1680935
LDLR	262	K	E	-0.12194325
LDLR	263	D	G	-0.387765
LDLR	265	S	G	0.1086115
LDLR	267	E	G	0.0292225714285714
LDLR	267	E	E	0.0292225714285714
LDLR	274	T	T	-0.104617625
LDLR	277	E	G	-0.1936325
LDLR	278	G	G	-0.0130911666666667
LDLR	280	N	D	0.041202
LDLR	281	K	E	-0.251956833333333
LDLR	281	K	R	-0.251956833333333
LDLR	283	K	E	-0.33582
LDLR	283	K	R	-0.33582
LDLR	285	H	R	-0.102486833333333
LDLR	286	S	G	0.085116
LDLR	288	E	G	0.0264291666666667
LDLR	288	E	E	0.0264291666666667
LDLR	291	T	A	-0.086226
LDLR	293	D	G	-0.133745333333333
LDLR	294	K	E	0.0150617142857143
LDLR	294	K	K	0.0150617142857143
LDLR	297	N	S	0.094135
LDLR	297	N	D	0.094135
LDLR	300	R	G	-0.0523151666666667
LDLR	300	R	R	-0.0523151666666667
LDLR	301	D	G	-0.146122
LDLR	304	D	G	-0.032354
LDLR	308	E	E	-0.148528
LDLR	311	K	E	0.1399833
LDLR	311	K	K	0.1399833
LDLR	312	E	G	0.0747426
LDLR	315	T	A	-0.5607676
LDLR	316	N	S	-0.509425
LDLR	317	E	G	-0.1510986
LDLR	317	E	E	-0.1510986
LDLR	320	D	G	0.121899166666667
LDLR	321	N	D	0.0671646666666667
LDLR	321	N	S	0.0671646666666667
LDLR	322	N	D	-0.0475578857142857
LDLR	322	N	S	-0.0475578857142857
LDLR	327	H	R	-0.04893272
LDLR	331	D	G	-0.605373333333333
LDLR	333	K	E	-0.0983032
LDLR	337	E	G	-0.0261648333333333
LDLR	342	D	G	0.11862125
LDLR	345	Q	R	0.1491906
LDLR	349	Q	R	-0.0858004
LDLR	351	R	G	-0.023545125
LDLR	351	R	R	-0.023545125
LDLR	353	E	E	-0.1361258
LDLR	355	I	V	-0.185202833333333
LDLR	357	E	G	-0.0755144
LDLR	359	Q	R	0.063250675
LDLR	362	D	G	0.21644
LDLR	363	T	A	-0.01692325
LDLR	365	S	G	0.1685589
LDLR	366	Q	R	-0.0562788333333333
LDLR	370	N	S	-0.0686287
LDLR	370	N	D	-0.0686287
LDLR	372	E	G	-0.119751833333333
LDLR	376	K	E	-0.1933775
LDLR	376	K	R	-0.1933775
LDLR	378	Q	R	0.0496766571428571
LDLR	380	E	G	0.0212185
LDLR	381	E	G	-0.044655
LDLR	384	Q	R	0.202093142857143
LDLR	386	D	G	-0.177784166666667
LDLR	388	H	R	0.04453475
LDLR	389	T	A	-0.2971975
LDLR	390	K	R	-0.059789
LDLR	393	K	E	-0.0324426363636364
LDLR	393	K	R	-0.0324426363636364
LDLR	404	T	A	-0.137115585714286
LDLR	405	N	D	0.14632
LDLR	405	N	S	0.14632
LDLR	407	H	R	-0.126182116666667
LDLR	408	E	G	0.15565875
LDLR	410	R	G	-0.00132540000000001
LDLR	411	K	E	-0.117820333333333
LDLR	411	K	R	-0.117820333333333
LDLR	413	T	A	-0.163030333333333
LDLR	415	D	G	-0.000626800000000002
LDLR	417	S	G	-0.16054396
LDLR	420	T	A	-0.013388
LDLR	421	S	G	-0.344495
LDLR	425	N	D	-0.0874176166666667
LDLR	425	N	S	-0.0874176166666667
LDLR	427	R	G	0.1048725
LDLR	428	N	D	0.193908
LDLR	428	N	S	0.193908
LDLR	433	D	G	-0.007739625
LDLR	434	T	A	-0.1053624
LDLR	435	E	G	-0.109741
LDLR	438	S	G	-0.327359916666667
LDLR	440	R	G	0.0332814666666666
LDLR	445	D	G	-0.395716
LDLR	449	R	G	-0.1939408
LDLR	448	Q	R	-0.004663
LDLR	453	S	G	-0.116116333333333
LDLR	454	T	A	-0.31412025
LDLR	455	Q	R	0.015954
LDLR	457	D	G	0.187955
LDLR	458	R	G	0.021358
LDLR	458	R	R	0.021358
LDLR	460	H	R	-0.0208404
LDLR	467	T	A	-0.2272655
LDLR	470	S	G	-0.35573275
LDLR	471	R	G	-0.0830805
LDLR	471	R	R	-0.0830805
LDLR	474	Q	R	0.1332235
LDLR	477	D	G	0.08255064
LDLR	482	D	G	-0.32910125
LDLR	485	H	R	-0.2619275
LDLR	486	S	G	-0.00592999999999999
LDLR	487	N	D	-0.28785545
LDLR	491	T	A	-0.2433724
LDLR	492	D	G	-0.16392504
LDLR	503	T	A	-0.366948888888889
LDLR	504	K	R	-0.0796175
LDLR	507	K	E	-0.2075228
LDLR	507	K	R	-0.2075228
LDLR	508	R	G	-0.9566025
LDLR	509	K	E	-0.060059
LDLR	510	T	A	0.0421648
LDLR	511	L	L	-0.00924666666666667
LDLR	513	R	G	0.188231
LDLR	514	E	G	-0.0205976666666667
LDLR	515	N	S	-0.265223333333333
LDLR	518	K	E	-0.14607625
LDLR	518	K	R	-0.14607625
LDLR	519	P	P	0.00138225
LDLR	535	D	G	-0.306424
LDLR	541	K	E	-0.0194015
LDLR	541	K	R	-0.0194015
LDLR	542	I	V	-0.0375233333333333
LDLR	543	K	E	-0.1070515
LDLR	544	K	E	-0.1861038
LDLR	544	K	K	-0.1861038
LDLR	551	D	G	-0.04318734
LDLR	558	E	G	-0.611085
LDLR	560	I	V	-0.391003285714286
LDLR	559	N	S	0.017366
LDLR	561	Q	R	0.0900638
LDLR	567	T	A	-0.0751065
LDLR	579	D	G	-0.216868571428571
LDLR	581	K	E	-0.187275285714286
LDLR	581	K	K	-0.187275285714286
LDLR	583	H	R	-0.1029606
LDLR	591	N	D	-0.0872284
LDLR	591	N	S	-0.0872284
LDLR	594	N	D	-0.0341166195
LDLR	594	N	S	-0.0341166195
LDLR	596	K	E	-0.385002
LDLR	596	K	R	-0.385002
LDLR	597	T	A	0.010765
LDLR	600	E	G	-0.162624333333333
LDLR	602	E	G	0.0016187
LDLR	603	K	R	-0.1100065
LDLR	604	R	G	0.11547775
LDLR	607	H	R	-0.0259667285714286
LDLR	615	E	G	-0.0886752333333333
LDLR	623	I	V	-0.109940333333333
LDLR	632	N	S	-0.14537425
LDLR	632	N	D	-0.14537425
LDLR	635	T	A	-0.0801134
LDLR	635	T	T	-0.0801134
LDLR	640	N	D	-0.198916714285714
LDLR	640	N	S	-0.198916714285714
LDLR	644	E	G	-0.044197
LDLR	645	N	S	-0.457938
LDLR	646	L	L	-0.362871375
LDLR	650	E	G	-0.1099525
LDLR	649	P	P	-0.118484571428571
LDLR	652	M	V	-0.029971
LDLR	656	H	R	-0.300614327272727
LDLR	657	N	D	-0.4570966
LDLR	657	N	S	-0.4570966
LDLR	659	T	A	-0.1850718
LDLR	660	Q	R	-0.515383333333333
LDLR	661	P	P	-0.1912135
LDLR	662	R	G	0.0719974
LDLR	662	R	R	0.0719974
LDLR	663	G	G	-0.16218475
LDLR	665	N	S	-0.136840285714286
LDLR	668	E	G	0.103475
LDLR	670	T	A	0.03680375
LDLR	671	T	A	0.042803625
LDLR	673	S	G	0.18977925
LDLR	678	Q	R	-0.0012405
LDLR	686	Q	R	0.0770201
LDLR	688	N	D	-0.1219918
LDLR	688	N	S	-0.1219918
LDLR	690	H	R	0.013945
LDLR	693	K	E	0.095065
LDLR	695	T	A	0.0835995
LDLR	700	D	G	-0.0321415666666667
LDLR	706	R	G	0.1134475
LDLR	707	D	G	0.09957275
LDLR	709	R	G	0.0339626333333333
LDLR	710	S	G	-0.1214835
LDLR	713	T	A	-0.0638110545454545
LDLR	713	T	T	-0.0638110545454545
LDLR	714	E	G	-0.0691296666666667
LDLR	716	E	G	0.1744965
LDLR	718	A	A	-0.00916485714285715
LDLR	721	T	A	0.0411804
LDLR	722	Q	R	0.0640696
LDLR	723	E	G	0.0449085
LDLR	724	T	A	-0.033929
LDLR	724	T	T	-0.033929
LDLR	726	T	A	-0.3023868
LDLR	728	R	G	0.15581
LDLR	732	S	G	-0.0850239285714286
LDLR	734	T	A	-0.082541375
LDLR	734	T	T	-0.082541375
LDLR	738	T	T	0.304114666666667
LDLR	738	T	A	0.304114666666667
LDLR	740	H	R	-0.19148
LDLR	741	T	A	-0.134571
LDLR	741	T	T	-0.134571
LDLR	743	T	A	0.0752746
LDLR	744	R	R	-0.21842325
LDLR	749	T	A	0.0506055
LDLR	756	T	A	-0.077887375
LDLR	760	T	A	0.055448
LDLR	761	T	A	-0.104267
LDLR	763	E	G	0.0370566666666667
LDLR	769	H	R	-0.3613225
LDLR	770	Q	R	-0.1263245
LDLR	774	D	G	0.009055875
LDLR	778	R	R	-0.096359
LDLR	778	R	G	-0.096359
LDLR	779	G	G	0.13503
LDLR	781	E	G	-0.812605
LDLR	782	K	E	0.484665
LDLR	783	K	R	-0.5130325
LDLR	786	S	G	0.302463
LDLR	788	R	G	0.054392
LDLR	811	K	E	-0.0227736666666667
LDLR	811	K	R	-0.0227736666666667
LDLR	812	N	D	-0.3116484
LDLR	812	N	S	-0.3116484
LDLR	816	K	E	0.296128744444444
LDLR	817	N	S	-0.1708
LDLR	819	N	D	0.24511
LDLR	820	S	G	0.30809
LDLR	822	N	S	-0.2757333
LDLR	824	D	G	-0.140887938
LDLR	825	N	S	-0.479376
LDLR	829	Q	R	0.079177
LDLR	830	K	R	0.2584
LDLR	831	T	A	0.115704666666667
LDLR	832	T	A	-0.0496378333333333
LDLR	832	T	T	-0.0496378333333333
LDLR	833	E	G	-0.1328
LDLR	835	E	G	0.046069775
LDLR	837	H	R	-0.0174121333333333
LDLR	840	H	R	-0.0596578
LDLR	841	N	D	-0.4004
LDLR	841	N	S	-0.4004
LDLR	842	Q	R	0.204315533333333
LDLR	843	D	G	0.138282
LDLR	850	R	G	0.290596333333333
LDLR	850	R	R	0.290596333333333
LDLR	851	Q	R	-0.56508
LDLR	856	E	G	0.05602225
LDLR	858	D	G	-0.00410916666666667
